{
    "data": {
        "assignments": {
            "nodes": [
                {
                    "updatedAt": "2022-03-15T17:10:25Z",
                    "__typename": "PullRequest",
                    "title": "Pin extensions",
                    "number": 5272,
                    "repository": {
                        "nameWithOwner": "cli/cli"
                    }
                },
                null,
                {
                    "__typename": "Issue",
                    "updatedAt": "2022-03-10T21:33:57Z",
                    "title": "yolo",
                    "number": 157,
                    "repository": {
                        "nameWithOwner": "vilmibm/testing"
                    }
                },
                null
            ]
        },
        "reviewRequested": {
            "nodes": [
                {
                    "updatedAt": "2022-03-15T17:10:25Z",
                    "__typename": "PullRequest",
                    "title": "Pin extensions",
                    "number": 5272,
                    "repository": {
                        "nameWithOwner": "cli/cli"
                    }
                },
                null
            ]
        }
    },
    "errors": [
        {
            "type": "FORBIDDEN",
            "path": [
                "assignments",
                "nodes",
                1
            ],
            "extensions": {
                "saml_failure": true
            },
            "locations": [
                {
                    "line": 4,
                    "column": 5
                }
            ],
            "message": "Resource protected by organization SAML enforcement. You must grant your OAuth token access to this organization."
        },
        {
            "type": "FORBIDDEN",
            "path": [
                "assignments",
                "nodes",
                3
            ],
            "extensions": {
                "saml_failure": true
            },
            "locations": [
                {
                    "line": 4,
                    "column": 5
                }
            ],
            "message": "Resource protected by organization SAML enforcement. You must grant your OAuth token access to this organization."
        },
        {
            "type": "FORBIDDEN",
            "path": [
                "reviewRequested",
                "nodes",
                1
            ],
            "extensions": {
                "saml_failure": true
            },
            "locations": [
                {
                    "line": 4,
                    "column": 5
                }
            ],
            "message": "Resource protected by organization SAML enforcement. You must grant your OAuth token access to this organization."
        }
    ]
}
